{
  "timestamp": "20260624_172919_419445",
  "frame": "world",
  "tcp_body": "link6",
  "tcp_offset_pos": [
    0.1523,
    0.0,
    0.0
  ],
  "position": [
    1.123162031173706,
    0.05614617466926575,
    1.0511237382888794
  ],
  "quaternion_wxyz": [
    -0.6032508611679077,
    0.5138235688209534,
    -0.31682446599006653,
    0.5212448239326477
  ],
  "joint_position": {
    "joint1": 0.33703285455703735,
    "joint2": 1.225899577140808,
    "joint3": 0.6517384052276611,
    "joint4": 0.7285175919532776,
    "joint5": 0.07395975291728973,
    "joint6": -1.3044052124023438,
    "gripper_joint": 0.01715182512998581,
    "joint8": 0.04399999976158142
  }
}
