{
  "timestamp": "20260624_165050_393021",
  "frame": "world",
  "tcp_body": "link6",
  "tcp_offset_pos": [
    0.1523,
    0.0,
    0.0
  ],
  "position": [
    1.0834261178970337,
    0.0797538310289383,
    1.099758267402649
  ],
  "quaternion_wxyz": [
    -0.5748934149742126,
    -0.5248298048973083,
    0.474361389875412,
    0.41113561391830444
  ],
  "joint_position": {
    "joint1": 0.23047815263271332,
    "joint2": 1.0156599283218384,
    "joint3": 0.7772253155708313,
    "joint4": 0.35257765650749207,
    "joint5": 0.015136437490582466,
    "joint6": 1.5700002908706665,
    "gripper_joint": 0.008072909899055958,
    "joint8": 0.020364688709378242
  }
}
